{"mean": [31.704437454045216, 1.5546653314234282, -0.023569763873308888, 0.015735278605780403, 10.900159602766449, 1851.465763721292, -0.0056791669329713385, 0.0, 0.036771109108700004, 1.5248052225121815, 1.2096629438023623], "scale": [22.151955037494826, 13.51590463181037, 0.8218422554708551, 0.6054676486174012, 9.688481590012774, 7250.417573230445, 0.3227796894318404, 1.0, 0.6986864582486685, 1.4798526000275447, 0.5891189169683232]}